{"cameraMode":{"drawMode":0,"name":"Shaded","section":"Shading Mode"},"sceneLighting":false,"audioPlay":false,"sceneViewState":{"m_AlwaysRefresh":false,"showFog":true,"showSkybox":false,"showFlares":true,"showImageEffects":true,"showParticleSystems":true,"showVisualEffectGraphs":true,"m_FxEnabled":true},"in2DMode":false,"pivot":{"x":0.028248101472854615,"y":0.018391519784927369,"z":0.3951535224914551},"rotation":{"x":0.15498054027557374,"y":0.47610101103782656,"z":-0.08547871559858322,"w":0.8615263104438782},"size":0.5990681648254395,"orthographic":false}