{"cameraMode":{"drawMode":0,"name":"Shaded","section":"Shading Mode"},"sceneLighting":false,"audioPlay":false,"sceneViewState":{"m_AlwaysRefresh":false,"showFog":true,"showSkybox":false,"showFlares":true,"showImageEffects":true,"showParticleSystems":true,"showVisualEffectGraphs":true,"m_FxEnabled":true},"in2DMode":false,"pivot":{"x":-4.0594940185546879,"y":0.693056583404541,"z":-2.0520670413970949},"rotation":{"x":0.0005720300832763314,"y":-0.9992572665214539,"z":-0.025193294510245324,"w":-0.0388764888048172},"size":0.22663284838199616,"orthographic":false}