{"cameraMode":{"drawMode":0,"name":"Shaded","section":"Shading Mode"},"sceneLighting":false,"audioPlay":false,"sceneViewState":{"m_AlwaysRefresh":false,"showFog":true,"showSkybox":false,"showFlares":true,"showImageEffects":true,"showParticleSystems":true,"showVisualEffectGraphs":true,"m_FxEnabled":true},"in2DMode":false,"pivot":{"x":1.949063777923584,"y":0.20000000298023225,"z":7.210018634796143},"rotation":{"x":-0.09272558242082596,"y":-0.8879089951515198,"z":0.20525676012039185,"w":-0.40186232328414919},"size":0.2915476858615875,"orthographic":false}