{"cameraMode":{"drawMode":0,"name":"Shaded","section":"Shading Mode"},"sceneLighting":false,"audioPlay":false,"sceneViewState":{"m_AlwaysRefresh":false,"showFog":true,"showSkybox":false,"showFlares":true,"showImageEffects":true,"showParticleSystems":true,"showVisualEffectGraphs":true,"m_FxEnabled":true},"in2DMode":false,"pivot":{"x":-1.0957144498825074,"y":0.6505867838859558,"z":6.387490272521973},"rotation":{"x":-0.006169424392282963,"y":-0.979568600654602,"z":0.20080502331256867,"w":-0.027143724262714387},"size":0.2266329824924469,"orthographic":false}