{"cameraMode":{"drawMode":0,"name":"Shaded","section":"Shading Mode"},"sceneLighting":false,"audioPlay":false,"sceneViewState":{"m_AlwaysRefresh":false,"showFog":true,"showSkybox":false,"showFlares":true,"showImageEffects":true,"showParticleSystems":true,"showVisualEffectGraphs":true,"m_FxEnabled":true},"in2DMode":false,"pivot":{"x":2.3640058040618898,"y":0.8952556848526001,"z":7.089312553405762},"rotation":{"x":-0.006940881721675396,"y":0.9922620058059692,"z":-0.10548388212919235,"w":-0.06528512388467789},"size":0.44999992847442629,"orthographic":false}