{"cameraMode":{"drawMode":0,"name":"Shaded","section":"Shading Mode"},"sceneLighting":false,"audioPlay":false,"sceneViewState":{"m_AlwaysRefresh":false,"showFog":true,"showSkybox":false,"showFlares":true,"showImageEffects":true,"showParticleSystems":true,"showVisualEffectGraphs":true,"m_FxEnabled":true},"in2DMode":false,"pivot":{"x":0.36096274852752688,"y":0.3235534429550171,"z":5.426873683929443},"rotation":{"x":-0.018894251435995103,"y":-0.9817548394203186,"z":0.1411130577325821,"w":-0.12867103517055512},"size":0.29537728428840639,"orthographic":false}