{"cameraMode":{"drawMode":0,"name":"Shaded","section":"Shading Mode"},"sceneLighting":false,"audioPlay":false,"sceneViewState":{"m_AlwaysRefresh":false,"showFog":true,"showSkybox":false,"showFlares":true,"showImageEffects":true,"showParticleSystems":true,"showVisualEffectGraphs":true,"m_FxEnabled":true},"in2DMode":false,"pivot":{"x":0.4044697880744934,"y":0.19779419898986817,"z":5.456506252288818},"rotation":{"x":0.00017292611300945282,"y":-0.9996383786201477,"z":-0.03269801661372185,"w":-0.017884641885757448},"size":0.29537728428840639,"orthographic":false}